Fiscal Year 2014,A-1,A-2,A-3,B-1,"B-1,2",B-2,"B-1,2/BCC","B-1,2/BCV",C-1,C-1/D,C-2,C-3,CW-1,CW-2,D,E-1,E-2,E-2C,E-3,E-3D,E-3R,F-1,F-2,F-3,G-1,G-2,G-3,G-4,G-5,H-1B,H-1B1,H-1C,H-2A,H-2B,H-3,H-4,I,J-1,J-2,K-1,K-2,K-3,K-4,L-1,L-2,M-1,M-2,M-3,NATO-1,NATO-2,NATO-3,NATO-4,NATO-5,NATO-6,NATO-7,N-8,N-9,O-1,O-2,O-3,P-1,P-2,P-3,P-4,Q-1,R-1,R-2,S-5,S-6,S-7,TN,TD,T-1,T-2,T-3,T-4,T-5,T-6,U-1,U-2,U-3,U-4,U-5,Total Visas,BCC,Grand Total
Algeria,42,246,0,31,"10,455",45,0,0,12,3,0,0,0,0,58,0,1,0,0,0,0,160,9,0,43,66,0,55,0,22,0,0,0,0,7,3,12,234,16,88,1,2,1,26,27,8,0,0,0,0,0,0,0,0,0,0,0,0,0,0,0,0,0,0,0,0,0,0,0,0,0,3,0,0,0,0,0,0,0,0,0,0,0,"11,676",0,"11,676"
Angola,99,224,5,26,"6,844",824,0,0,3,137,0,7,0,0,0,0,0,0,0,0,0,986,27,0,31,158,0,10,1,5,0,0,0,0,14,13,45,66,14,0,0,0,0,66,98,13,0,0,0,0,0,0,0,0,0,0,0,1,0,0,0,0,0,0,0,1,1,0,0,0,0,0,0,0,0,0,0,0,0,0,0,0,0,"9,719",0,"9,719"
Benin,45,134,1,4,"1,365",14,0,0,8,0,0,0,0,0,1,0,0,0,0,0,0,180,3,0,26,34,0,47,1,5,0,0,0,0,0,1,7,35,4,8,1,0,0,0,2,0,0,0,0,0,0,0,0,0,0,0,0,3,0,0,2,0,9,0,0,4,0,0,0,0,0,0,0,0,0,0,0,0,0,0,0,0,0,"1,944",0,"1,944"
Botswana,6,60,0,5,879,4,0,0,5,1,0,3,0,0,0,0,0,0,0,1,0,87,10,0,6,36,0,25,1,5,0,0,1,2,15,0,1,84,7,4,0,0,0,5,0,1,0,0,0,0,0,0,0,0,0,0,0,1,0,0,1,0,0,0,21,1,0,0,0,0,0,0,0,0,0,0,0,0,0,0,0,0,0,"1,278",0,"1,278"
Burkina Faso,29,92,3,2,"3,161",1,0,0,9,0,0,42,0,0,2,0,0,0,0,0,0,624,8,0,9,84,0,35,5,7,0,0,0,0,0,1,6,70,1,12,1,0,0,0,1,0,0,0,0,0,0,0,0,0,0,0,0,0,0,0,1,0,0,0,0,3,1,0,0,0,0,0,0,0,0,0,0,0,0,0,0,0,0,"4,210",0,"4,210"
Burundi,41,65,2,1,722,1,0,0,5,0,0,5,0,0,0,0,0,0,0,0,0,192,1,0,15,46,0,93,1,4,0,0,0,0,0,0,7,20,1,10,0,0,0,0,0,0,0,0,0,0,0,0,0,0,0,0,0,2,0,0,1,0,36,0,0,0,0,0,0,0,0,0,0,0,0,0,0,0,0,0,0,0,0,"1,271",0,"1,271"
Cabo Verde,9,51,0,1,"2,349",2,0,0,2,23,0,4,0,0,1,0,0,0,0,0,0,59,0,0,7,9,0,6,1,2,0,0,0,0,0,2,0,13,0,65,12,0,0,0,1,3,0,0,0,0,0,0,0,0,0,0,0,0,0,0,0,0,0,0,0,0,0,0,0,0,0,0,0,0,0,0,0,0,0,0,0,0,0,"2,622",0,"2,622"
Cameroon,34,460,2,9,"6,520",16,0,0,15,12,0,2,0,0,1,0,4,0,0,0,0,682,15,0,18,123,0,132,0,72,0,0,0,0,10,16,18,156,17,96,11,0,0,26,26,3,0,0,0,0,0,0,0,1,0,0,0,2,5,1,7,0,1,0,0,12,2,0,0,0,0,0,0,0,0,0,0,0,0,0,0,0,0,"8,527",0,"8,527"
Central African Republic,16,7,0,0,137,0,0,0,0,0,0,3,0,0,0,0,0,0,0,0,0,15,0,0,23,48,0,11,0,0,0,0,0,0,0,0,0,9,0,1,0,0,0,0,0,0,0,0,0,0,0,0,0,0,0,0,0,0,0,0,0,0,0,0,0,1,0,0,0,0,0,0,0,0,0,0,0,0,0,0,0,0,0,271,0,271
Chad,40,125,0,10,797,3,0,0,5,0,0,4,0,0,1,0,0,0,0,0,0,52,0,0,70,94,0,34,0,0,0,0,0,0,0,0,13,32,0,0,0,0,0,4,7,3,0,0,0,0,0,0,0,0,0,0,0,0,0,0,0,0,0,0,0,0,0,0,0,0,0,0,0,0,0,0,0,0,0,0,0,0,0,"1,294",0,"1,294"
Comoros,5,30,1,1,126,0,0,0,0,0,0,2,0,0,0,0,0,0,0,0,0,1,0,0,9,33,0,13,0,0,0,0,0,0,0,0,0,8,3,0,0,0,0,0,1,1,0,0,0,0,0,0,0,0,0,0,0,0,0,0,0,0,0,0,0,0,0,0,0,0,0,0,0,0,0,0,0,0,0,0,0,0,0,234,0,234
"Congo, Dem. Rep. of the (Kinshasa)",18,261,0,22,"5,082",7,0,0,18,0,1,9,0,0,0,0,9,0,0,0,0,667,7,0,12,240,0,72,0,9,0,0,0,0,0,2,3,102,7,27,1,0,0,9,4,12,0,0,0,0,0,0,0,0,0,0,0,4,2,0,5,0,0,0,0,15,0,0,0,0,0,0,0,0,0,0,0,0,0,0,0,0,0,"6,627",0,"6,627"
"Congo, Rep. of the (Brazzaville)",33,128,48,1,"1,304",1,0,0,0,0,1,0,0,0,0,0,0,0,0,0,0,201,1,0,40,109,0,28,0,0,0,0,0,0,3,1,19,35,0,5,0,0,0,4,4,14,0,0,0,0,0,0,0,0,0,0,0,0,0,0,0,0,24,0,0,0,0,0,0,0,0,0,0,0,0,0,0,0,0,0,0,0,0,"2,004",0,"2,004"
Cote d'Ivoire,24,185,0,7,"3,928",10,0,0,8,3,1,8,0,0,1,0,0,0,0,0,0,435,6,0,39,178,0,111,6,22,0,0,0,0,0,7,20,96,6,45,10,0,0,9,6,1,0,0,0,0,0,0,0,0,0,0,0,2,0,0,3,0,0,0,0,1,2,0,0,0,0,0,0,0,0,0,0,0,0,0,0,0,0,"5,180",0,"5,180"
Djibouti,10,95,0,3,453,1,0,0,0,0,0,0,0,0,0,0,0,0,0,0,0,8,0,0,2,21,0,11,0,0,0,0,0,0,0,0,0,9,0,5,0,0,0,0,0,0,0,0,0,0,0,0,0,0,0,0,0,0,0,0,0,0,0,0,0,0,0,0,0,0,0,0,0,0,0,0,0,0,0,0,0,0,0,618,0,618
Egypt,193,"1,814",50,224,"47,387",87,0,0,19,925,0,4,0,0,18,0,67,0,0,0,0,"1,308",234,0,57,188,0,165,2,258,0,0,17,0,6,271,71,"1,382",561,298,7,9,3,215,357,142,0,0,0,0,0,0,0,0,0,0,0,15,0,7,1,0,31,0,0,24,32,0,0,0,0,5,0,0,1,0,0,0,1,0,0,0,0,"56,456",0,"56,456"
Equatorial Guinea,18,174,0,0,959,2,0,0,0,0,0,0,0,0,0,0,0,0,0,0,0,269,1,0,7,59,0,9,0,1,0,0,0,0,6,3,13,12,0,0,0,0,0,10,6,0,0,0,0,0,0,0,0,0,0,0,0,0,0,0,0,0,0,0,0,1,0,0,0,0,0,0,0,0,0,0,0,0,0,0,0,0,0,"1,550",0,"1,550"
Eritrea,2,0,18,105,"2,332",9,0,0,1,0,0,0,0,0,2,0,0,0,0,0,0,158,1,0,3,11,0,6,0,4,0,0,0,0,0,0,0,8,0,65,4,1,0,0,0,2,0,0,0,0,0,0,0,0,0,0,0,0,0,0,2,0,0,0,0,3,0,0,0,0,0,0,0,0,0,0,0,0,0,0,0,0,0,"2,737",0,"2,737"
Ethiopia,59,238,14,160,"10,441",20,0,0,196,0,0,20,0,0,646,2,5,0,0,0,0,895,64,0,50,83,1,423,6,36,0,0,0,0,0,14,11,173,29,290,20,1,1,9,6,6,1,0,0,0,0,0,0,0,0,0,0,6,1,0,93,0,27,1,0,8,21,0,0,0,0,0,0,0,4,0,0,0,0,0,0,0,0,"14,081",0,"14,081"
Gabon,17,105,5,0,"1,163",78,0,0,4,0,0,0,0,0,1,0,0,0,0,0,0,166,2,0,9,51,0,8,0,7,0,0,0,0,3,1,9,13,0,2,0,0,0,4,9,2,0,0,0,0,0,0,0,0,0,0,0,0,0,0,0,0,0,0,0,0,0,0,0,0,0,0,0,0,0,0,0,0,0,0,0,0,0,"1,659",0,"1,659"
"Gambia, The",10,110,4,2,"1,034",1,0,0,2,0,0,2,0,0,9,0,1,0,0,0,0,109,2,0,11,99,0,33,0,6,0,0,0,0,0,1,6,24,1,29,5,1,0,0,0,0,0,0,0,0,0,0,0,0,0,0,0,0,0,0,1,0,6,0,1,1,0,0,0,0,0,0,0,0,0,0,0,0,0,0,0,0,0,"1,511",0,"1,511"
Ghana,43,385,3,19,"11,909",29,0,0,23,116,1,11,0,0,1,0,0,0,0,0,0,934,81,0,34,236,0,149,2,127,0,0,0,0,9,48,43,467,20,265,49,13,1,24,18,2,0,0,0,0,0,0,0,0,0,0,0,0,1,1,14,0,26,0,0,59,4,0,0,0,0,1,0,0,0,0,0,0,2,0,1,0,0,"15,171",0,"15,171"
Guinea,21,82,0,113,"1,947",362,0,0,2,2,0,0,0,0,0,0,0,0,0,0,0,67,1,0,7,48,0,22,0,2,0,0,0,0,0,0,26,36,2,37,0,0,0,1,2,0,0,0,0,0,0,0,0,0,0,0,0,1,1,0,11,0,51,0,0,0,0,0,0,0,0,0,0,0,0,0,0,0,0,0,1,0,0,"2,845",0,"2,845"
Guinea-Bissau,2,11,0,0,86,0,0,0,0,0,0,0,0,0,0,0,0,0,0,0,0,3,1,0,0,28,0,14,0,0,0,0,0,0,0,0,2,8,0,3,0,0,0,0,0,0,0,0,0,0,0,0,0,0,0,0,0,0,0,0,0,0,0,0,0,0,0,0,0,0,0,0,0,0,0,0,0,0,0,0,0,0,0,158,0,158
Kenya,70,"1,564",9,60,"14,927",26,0,0,39,348,0,17,0,0,2,1,1,0,0,0,0,"1,196",43,0,44,387,0,546,12,153,0,0,0,0,1,40,31,425,30,152,33,1,0,39,19,22,3,0,0,0,0,0,0,0,0,0,0,3,0,0,57,0,13,2,0,39,5,0,0,0,0,0,0,1,1,0,0,0,0,0,2,0,0,"20,364",0,"20,364"
Lesotho,7,28,0,1,139,0,0,0,0,3,0,2,0,0,0,0,0,0,0,0,0,22,0,0,5,28,0,6,0,2,0,0,0,0,0,0,4,33,2,3,0,0,0,0,0,0,0,0,0,0,0,0,0,0,0,0,0,0,0,0,1,0,0,0,1,0,0,0,0,0,0,0,0,0,1,0,0,0,0,0,0,0,0,288,0,288
Liberia,33,275,1,57,"3,673",10,0,0,0,0,2,4,0,0,0,0,0,0,0,0,0,145,15,0,21,67,0,47,0,1,0,0,0,0,0,0,3,73,4,123,36,3,0,0,0,2,0,0,0,0,0,0,0,0,0,0,0,1,1,0,0,0,5,0,0,7,4,0,0,0,0,0,0,0,0,0,0,0,0,0,0,0,0,"4,613",0,"4,613"
Libya,174,246,0,29,"1,792",34,0,0,1,0,0,0,0,0,5,0,0,0,0,0,0,"1,002",963,0,108,62,0,16,0,17,0,0,0,0,9,30,0,150,73,9,0,1,0,10,8,8,19,0,0,0,0,0,0,0,0,0,0,0,0,0,0,0,0,0,0,0,0,0,0,0,0,0,0,0,0,0,0,0,0,0,0,0,0,"4,766",0,"4,766"
Madagascar,42,52,0,6,907,1,0,0,49,0,0,6,0,0,228,0,1,0,0,0,0,70,6,0,30,66,0,114,2,22,0,0,0,0,0,3,5,45,6,14,2,0,0,6,0,11,0,0,0,1,0,0,0,0,0,0,0,1,0,2,0,0,26,0,0,4,3,0,0,0,0,0,0,0,0,0,0,0,0,0,0,0,0,"1,731",0,"1,731"
Malawi,12,104,0,17,902,6,0,0,10,4,0,4,0,0,0,0,0,0,0,0,0,78,24,0,7,83,0,46,2,7,0,0,0,0,0,1,6,113,6,6,0,0,0,2,5,0,0,0,0,0,0,0,0,0,0,0,0,0,0,0,4,0,0,0,0,0,0,0,0,0,0,0,0,0,0,0,0,0,0,0,0,0,0,"1,449",0,"1,449"
Mali,44,82,1,6,"1,927",24,0,0,7,0,0,1,0,0,0,0,0,0,0,0,0,180,2,0,9,53,0,38,0,9,0,0,0,0,0,1,8,91,0,8,0,1,0,0,1,0,0,0,0,0,0,0,0,0,0,0,0,2,6,0,14,0,38,1,0,0,0,0,0,0,0,0,0,0,0,0,0,0,0,0,0,0,0,"2,554",0,"2,554"
Mauritania,20,166,1,1,"1,319",3,0,0,1,0,0,1,0,0,13,0,0,0,0,0,0,96,2,0,18,91,0,38,1,2,0,0,0,0,0,2,16,45,1,2,0,1,0,0,1,0,0,0,0,0,0,0,0,0,0,0,0,0,0,0,0,0,3,0,0,0,0,0,0,0,0,0,0,0,0,0,0,0,0,0,0,0,0,"1,844",0,"1,844"
Mauritius,2,41,1,4,"1,898",86,0,0,1,521,0,3,0,0,1,0,1,0,0,0,0,83,2,0,1,33,0,32,1,27,0,0,0,0,0,6,2,64,8,6,1,0,0,13,14,7,0,0,0,0,0,0,0,0,0,0,0,2,0,4,2,0,0,0,1,2,0,0,0,0,0,0,0,0,0,0,0,0,0,0,0,0,0,"2,870",0,"2,870"
Morocco,22,"1,758",31,103,"15,163",52,0,0,5,533,0,0,0,0,23,1,17,0,0,0,0,765,14,0,43,120,0,96,8,58,0,0,0,0,0,16,28,536,29,251,7,8,0,18,19,13,1,0,0,0,0,0,0,0,0,0,0,3,1,0,9,0,2,2,47,1,1,0,0,0,0,1,0,0,0,0,0,0,0,0,0,0,0,"19,805",0,"19,805"
Mozambique,41,223,3,2,"1,576",0,0,0,46,5,0,10,0,0,0,0,0,0,0,0,0,55,2,0,25,51,0,57,1,2,0,0,0,0,9,0,24,68,0,4,0,0,0,0,0,0,0,0,0,0,0,0,0,0,0,0,0,0,0,0,2,0,0,0,0,3,5,0,0,0,0,0,0,0,0,0,0,0,0,0,0,0,0,"2,214",0,"2,214"
Namibia,13,110,2,30,863,4,0,0,6,25,0,10,0,0,1,0,0,0,0,0,0,41,4,0,6,55,0,5,1,5,0,0,3,1,0,5,3,50,3,6,0,0,0,4,0,9,1,0,0,0,0,0,0,0,0,0,0,2,0,0,0,0,0,0,8,0,0,0,0,0,0,0,0,0,0,0,0,0,0,0,0,0,0,"1,276",0,"1,276"
Niger,29,150,9,10,679,0,0,0,3,0,0,0,0,0,1,0,0,0,0,0,0,87,2,0,39,102,0,75,1,2,0,0,0,0,0,0,0,61,2,6,0,0,0,0,0,0,0,0,0,0,0,0,0,0,0,0,0,0,0,0,0,0,7,0,0,0,0,0,0,0,0,0,0,0,0,0,0,0,0,0,0,0,0,"1,265",0,"1,265"
Nigeria,291,"1,461",10,112,"124,805","5,229",0,0,78,158,0,29,0,0,12,0,1,0,0,1,0,"5,187",326,0,118,280,0,289,3,469,0,0,0,0,23,113,123,693,112,582,42,11,0,178,258,257,8,0,0,0,0,0,0,0,0,0,0,11,0,3,23,0,49,3,2,143,29,0,0,0,0,2,0,0,0,0,0,0,0,0,3,0,0,"141,527",0,"141,527"
Rwanda,5,279,3,5,"1,437",8,0,0,14,3,0,22,0,0,0,0,0,0,0,0,0,468,16,0,18,10,0,56,0,8,0,0,0,0,1,4,1,81,2,18,0,1,1,2,1,2,1,0,0,0,0,0,0,0,0,0,0,1,0,0,0,0,16,0,0,2,5,0,0,0,0,0,0,0,3,0,0,0,0,0,0,0,0,"2,494",0,"2,494"
Sao Tome and Principe,7,20,0,0,25,2,0,0,0,0,0,0,0,0,0,0,0,0,0,0,0,0,0,0,3,8,0,4,0,0,0,0,0,0,0,0,0,6,0,0,0,0,0,0,0,1,0,0,0,0,0,0,0,0,0,0,0,0,0,0,0,0,0,0,0,0,0,0,0,0,0,0,0,0,0,0,0,0,0,0,0,0,0,76,0,76
Senegal,58,203,2,15,"3,342",15,0,0,2,0,0,15,0,0,13,0,2,0,0,0,0,303,1,0,56,102,0,144,6,34,0,0,0,0,0,12,24,165,11,54,2,1,0,6,5,1,0,0,0,0,0,0,0,0,0,0,0,4,13,1,19,1,21,1,0,0,0,0,0,0,0,0,0,0,0,0,0,0,0,0,0,0,0,"4,654",0,"4,654"
Seychelles,6,29,0,15,99,12,0,0,0,12,0,3,0,0,0,0,0,0,0,0,0,4,0,0,1,22,0,3,0,0,0,0,0,0,0,0,0,8,0,0,0,0,0,0,0,3,0,0,0,0,0,0,0,0,0,0,0,0,0,0,0,0,0,0,0,0,0,0,0,0,0,1,0,0,0,0,0,0,0,0,0,0,0,218,0,218
Sierra Leone,15,95,0,7,"1,502",121,0,0,6,2,0,4,0,0,0,0,0,0,0,0,0,72,4,0,19,47,0,48,3,3,0,0,0,0,0,1,3,44,8,63,13,0,0,0,0,0,0,0,0,0,0,0,0,0,0,0,0,2,0,0,1,0,6,0,0,1,4,0,0,0,0,0,0,0,0,0,0,0,0,0,1,0,0,"2,095",0,"2,095"
Somalia,13,13,0,3,209,1,0,0,0,0,0,0,0,0,0,0,0,0,0,0,0,21,1,0,3,9,1,13,0,0,0,0,0,0,0,0,0,11,0,50,2,1,0,0,0,1,0,0,0,0,0,0,0,0,0,0,0,0,0,0,0,0,0,0,0,0,0,0,0,0,0,0,0,0,0,0,0,0,0,0,0,0,0,352,0,352
South Africa,71,584,12,175,"46,682","1,419",0,0,63,"2,247",0,55,0,0,1,1,15,0,0,4,0,806,37,0,18,150,0,177,2,248,0,0,"1,591","1,779",11,157,82,"1,901",56,97,9,1,0,739,507,87,15,0,0,0,0,0,0,0,0,0,0,121,72,35,90,1,48,8,28,25,6,0,0,0,0,5,0,0,0,0,0,0,0,0,0,0,0,"60,238",0,"60,238"
South Sudan,58,106,0,2,231,4,0,0,11,0,0,0,0,0,0,0,0,0,0,0,0,32,0,0,33,55,0,11,0,3,0,0,0,0,0,0,2,45,0,35,0,0,0,3,2,2,0,0,0,0,0,0,0,0,0,0,0,0,0,0,0,0,2,0,0,0,0,0,0,0,0,0,0,0,0,0,0,0,0,0,0,0,0,637,0,637
Sudan,53,54,104,313,"2,236","1,436",0,0,17,0,0,0,0,0,21,0,0,0,0,0,0,200,8,0,47,117,0,73,0,11,0,0,0,0,0,10,7,96,23,30,0,1,0,1,1,8,0,0,0,0,0,0,0,0,0,2,0,0,0,0,1,0,2,0,0,0,0,0,0,0,0,0,0,0,0,0,0,0,0,0,0,0,0,"4,872",0,"4,872"
Swaziland,16,40,0,1,275,0,0,0,4,2,0,0,0,0,0,0,0,0,0,0,0,44,2,0,10,23,0,13,0,5,0,0,0,0,0,0,5,26,0,3,1,0,0,1,1,0,0,0,0,0,0,0,0,0,0,0,0,0,0,0,0,0,0,0,0,0,0,0,0,0,0,0,0,0,0,0,0,0,0,0,0,0,0,472,0,472
Tanzania,77,539,0,104,"3,970",475,0,0,31,98,0,24,0,0,3,0,0,0,0,0,0,384,14,0,52,357,1,109,2,41,0,0,0,0,6,8,6,209,13,23,2,0,0,5,1,20,0,0,0,0,0,0,0,0,0,0,0,3,0,0,26,0,5,0,0,25,3,0,0,0,0,0,0,0,0,0,0,0,0,0,1,0,0,"6,637",0,"6,637"
Togo,22,105,1,2,"1,262",10,0,0,5,0,0,0,0,0,0,0,0,0,0,0,0,75,0,0,20,37,0,30,0,3,0,0,0,0,0,0,16,44,7,36,7,1,0,0,0,0,0,0,0,0,0,0,0,0,0,0,0,0,0,0,0,0,0,0,0,5,0,0,0,0,0,0,0,0,0,0,0,0,0,0,0,0,0,"1,688",0,"1,688"
Tunisia,41,552,3,38,"6,026",35,0,0,7,250,0,2,0,0,4,0,11,0,0,0,0,345,4,0,7,62,0,60,0,21,0,0,0,0,0,6,12,474,26,47,0,0,0,14,21,22,0,0,0,0,0,0,0,0,0,0,0,3,0,1,3,0,0,0,0,0,0,0,0,0,0,3,0,0,0,0,0,0,0,0,0,0,0,"8,100",0,"8,100"
Uganda,18,573,5,7,"4,087",16,0,0,22,0,0,15,0,0,17,0,0,0,0,0,0,434,18,0,36,183,0,237,9,36,0,0,0,0,2,8,20,245,21,79,13,0,0,10,3,7,1,0,0,0,0,0,0,0,0,0,0,3,1,1,20,0,372,0,0,20,0,0,0,0,0,0,0,0,0,0,0,0,0,0,0,0,0,"6,539",0,"6,539"
Zambia,10,203,1,147,"1,971",38,0,0,32,11,0,19,0,0,1,0,2,0,0,0,0,132,9,0,19,122,0,156,3,16,0,0,0,1,1,4,22,134,12,13,0,0,0,0,0,4,0,0,0,0,0,0,0,0,0,0,0,0,0,1,1,0,0,0,1,6,0,0,0,0,0,1,0,0,0,0,0,0,0,0,0,0,0,"3,093",0,"3,093"
Zimbabwe,61,34,6,29,"5,319",17,0,0,190,0,0,0,0,0,276,0,1,0,0,0,0,510,6,0,47,137,0,223,6,71,0,0,0,3,0,10,9,217,20,11,6,0,0,49,26,10,0,0,0,0,0,0,0,0,0,0,0,7,0,4,10,1,27,0,12,2,0,0,0,0,0,0,0,0,1,0,0,0,0,0,0,0,0,"7,358",0,"7,358"
Afghanistan,138,544,0,8,"2,444",56,0,0,10,0,0,1,0,0,1,0,0,0,0,0,0,270,22,0,24,42,0,76,0,10,0,0,0,0,0,1,2,393,13,332,8,2,0,4,8,10,2,0,0,0,0,0,0,0,0,0,0,0,0,0,0,0,0,0,0,0,0,0,0,0,0,0,0,0,0,0,0,0,0,0,0,0,0,"4,421",0,"4,421"
Bahrain,18,161,0,1,"3,922",517,0,0,0,15,0,0,0,0,4,0,0,0,0,0,0,188,26,0,5,25,0,2,0,12,0,0,0,0,0,3,0,82,12,2,4,0,0,6,5,21,0,0,0,0,0,0,0,0,0,0,0,0,0,0,3,0,0,0,0,0,0,0,0,0,0,0,0,0,0,0,0,0,0,0,0,0,0,"5,034",0,"5,034"
Bangladesh,27,588,14,57,"28,559",38,0,0,88,"1,103",0,12,48,73,1,0,5,0,0,1,0,"2,137",474,0,107,231,0,292,3,188,0,0,0,0,1,147,82,346,103,21,1,1,0,51,83,11,0,0,0,0,0,0,0,0,0,0,0,2,0,1,0,0,98,0,0,5,0,0,0,0,0,17,0,1,4,0,0,0,0,1,3,0,0,"35,025",0,"35,025"
Bhutan,1,106,0,0,525,0,0,0,1,3,0,21,0,0,0,0,0,0,0,0,0,67,9,0,16,34,0,62,1,8,0,0,0,0,0,5,0,37,8,1,0,0,0,0,0,7,0,0,0,0,0,0,0,0,0,0,0,0,0,0,0,0,0,0,0,8,0,0,0,0,0,0,0,0,0,0,0,0,0,0,0,0,0,920,0,920
Brunei,15,185,16,1,31,0,0,0,0,17,0,15,0,0,0,0,0,0,0,0,0,29,1,0,17,75,0,0,1,0,0,0,0,0,0,0,8,61,4,0,0,0,0,3,1,0,0,0,0,0,0,0,0,0,0,0,0,0,0,0,0,0,0,0,0,0,0,0,0,0,0,0,0,0,0,0,0,0,0,0,0,0,0,480,0,480
Burma,52,186,0,"1,184",502,"2,075",0,0,757,0,0,5,3,1,"2,968",0,1,0,0,0,0,797,23,0,29,27,0,84,4,33,0,0,0,0,2,7,10,210,10,98,4,0,0,7,9,6,0,0,0,0,0,0,0,0,0,0,0,1,0,0,12,0,9,0,0,15,0,0,0,0,0,0,0,0,0,0,0,0,0,0,0,0,0,"9,131",0,"9,131"
Cambodia,16,133,1,61,"2,939",7,0,0,44,0,0,13,0,0,15,0,0,0,0,0,0,446,6,0,40,104,0,37,1,11,0,0,0,0,0,2,3,137,3,227,13,0,0,3,3,5,0,0,0,0,0,0,0,0,0,0,0,0,0,0,0,0,46,0,0,15,0,0,0,0,0,0,0,0,0,0,0,0,0,0,0,0,0,"4,331",0,"4,331"
"China, People's Republic",468,"1,931",3,297,"1,403,617",555,0,0,"2,047","18,699",0,815,231,35,231,9,53,9,0,23,0,"244,927","4,040",0,143,515,0,667,4,"14,871",0,0,0,0,221,"3,678",962,"38,024","14,766","1,910",258,7,2,"4,500","4,214","1,983",19,0,0,0,0,0,0,0,0,0,0,346,43,134,"1,154",0,750,5,260,51,11,0,0,0,0,73,0,1,2,3,1,0,4,10,14,0,0,"1,767,596",0,"1,767,596"
Taiwan,0,0,0,52,"6,096",18,0,0,147,"2,931",0,1,0,0,0,673,361,0,0,4,0,"9,731",352,0,2,0,0,16,1,"1,505",0,0,0,1,53,433,117,"4,142",537,126,13,4,0,441,474,262,6,0,0,0,0,0,0,0,0,0,0,66,171,15,150,0,45,9,1,94,15,0,0,0,0,19,0,0,0,0,0,0,0,0,0,0,0,"29,084",0,"29,084"
Hong Kong S.A.R.,0,2,0,123,"46,844",5,0,0,5,"1,003",0,0,4,0,0,0,4,3,0,1,0,"2,871",51,0,0,0,0,18,0,254,0,0,0,0,11,61,102,"1,077",61,50,14,0,0,72,87,44,0,0,0,0,0,0,0,0,0,0,0,33,162,8,66,0,8,0,32,35,1,0,0,0,0,6,0,0,0,0,0,0,0,0,0,0,0,"53,118",0,"53,118"
India,174,"2,338",55,"1,067","452,525",747,0,0,"1,699","33,724",0,474,7,5,31,0,22,2,0,129,0,"56,653","2,017",0,119,470,0,979,23,"108,817",0,0,0,2,372,"85,900",312,"7,303","1,950",868,23,21,0,"20,197","24,757",536,8,0,0,0,0,0,0,0,0,0,0,276,46,118,18,1,"2,183",20,5,733,309,0,0,0,0,76,0,35,67,0,0,0,6,22,45,1,0,"808,287",0,"808,287"
Indonesia,191,"2,263",55,819,"47,535",49,0,0,149,"10,760",0,60,2,0,0,0,2,0,0,10,0,"2,576",180,0,166,423,0,255,16,453,0,0,0,0,22,109,97,"1,221",213,187,15,3,0,269,394,158,2,0,0,0,0,0,0,0,0,0,0,17,2,8,4,0,44,1,2,17,10,0,0,0,0,0,0,1,2,0,0,0,1,2,2,1,0,"68,768",0,"68,768"
Iran,0,2,3,447,"18,921","8,091",0,0,43,6,0,0,0,0,2,0,48,0,0,0,0,"3,280",558,0,99,233,0,194,2,170,0,0,0,1,1,103,20,730,313,515,32,2,0,29,22,14,0,0,0,0,0,0,0,0,0,0,0,22,5,10,5,0,17,0,0,0,0,0,0,0,0,21,0,0,0,0,0,0,0,0,0,0,0,"33,961",0,"33,961"
Iraq,121,486,0,38,"13,153",46,0,0,3,37,0,4,0,0,0,0,0,0,0,0,0,348,130,0,52,80,0,31,0,12,0,0,0,0,2,7,9,"1,000",680,71,4,2,0,11,11,11,6,0,0,0,0,0,0,0,0,0,0,1,0,0,0,0,0,0,0,1,0,0,0,0,0,2,0,0,0,0,0,0,0,0,0,0,0,"16,359",0,"16,359"
Israel,235,"3,191",0,95,"94,857","20,959",0,0,17,729,0,7,0,0,1,225,39,0,0,9,0,"1,022",99,0,40,18,0,49,0,597,0,0,1,7,4,497,86,"2,874","1,245",61,4,2,0,864,"1,457",37,1,0,0,0,0,0,0,0,0,0,0,209,31,103,411,0,36,2,3,43,60,0,0,0,0,2,0,0,0,0,0,0,0,0,0,0,0,"130,229",0,"130,229"
Japan,258,"8,852",1,60,"3,503",54,0,0,6,"4,310",0,410,123,24,1,"1,799","11,439",5,0,11,0,"18,258",756,0,54,105,1,320,2,"1,369",0,0,2,289,126,704,"1,247","7,101","2,647",504,40,10,0,"4,893","6,023",601,5,0,0,1,0,0,0,0,0,0,0,447,121,128,677,0,205,43,190,93,30,0,0,0,0,11,0,0,0,0,0,0,1,0,0,0,0,"77,860",0,"77,860"
Jordan,33,"1,493",6,51,"26,230",71,0,0,9,384,0,69,0,0,0,0,29,0,0,0,0,"1,368",258,0,32,24,0,142,0,232,0,0,0,0,0,122,21,865,144,96,2,7,1,46,46,11,0,0,0,0,0,0,0,0,0,0,0,7,1,0,1,0,4,0,0,4,9,0,0,0,0,5,0,0,0,0,0,0,0,0,0,0,0,"31,823",0,"31,823"
"Korea, North",0,0,0,0,25,0,0,0,0,0,0,0,0,0,0,0,0,0,0,0,0,1,0,0,0,0,33,0,0,0,0,0,0,0,0,0,0,0,0,0,0,0,0,0,0,0,0,0,0,0,0,0,0,0,0,0,0,0,0,0,0,0,0,0,0,0,0,0,0,0,0,0,0,0,0,0,0,0,0,0,0,0,0,59,0,59
"Korea, South",219,"2,673",0,181,"6,091",40,0,0,11,"2,644",0,68,256,113,0,230,"1,766",37,0,9,0,"29,324","3,143",0,56,93,0,254,0,"2,727",0,0,0,19,142,"1,499",274,"9,613","4,806",313,8,0,0,"1,908","2,808",454,43,0,0,0,0,0,0,0,0,0,0,284,65,105,372,0,45,16,0,264,183,0,0,0,0,40,0,0,0,0,0,0,2,1,1,0,0,"73,200",0,"73,200"
Kuwait,29,445,0,3,"29,630",3,0,0,4,1,0,2,0,0,104,0,0,0,0,0,0,"4,278",481,0,30,17,0,13,0,8,0,0,0,0,7,3,10,111,53,3,0,0,0,2,4,9,5,0,0,0,0,0,0,0,0,0,0,2,0,0,0,0,0,0,0,0,0,0,0,0,0,0,0,0,0,0,0,0,0,0,0,0,0,"35,257",0,"35,257"
Laos,26,112,0,3,"1,632",4,0,0,1,0,0,5,0,0,0,0,0,0,0,0,0,74,4,0,28,69,0,13,1,2,0,0,0,0,0,2,0,54,0,517,34,0,0,0,1,0,0,0,0,0,0,0,0,0,0,0,0,0,0,0,0,0,1,0,0,28,0,0,0,0,0,0,0,0,0,0,0,0,0,0,0,0,0,"2,611",0,"2,611"
Lebanon,13,508,16,51,"25,936",75,0,0,16,168,0,0,0,0,25,1,1,0,0,1,0,611,28,0,2,55,0,77,0,227,0,0,0,0,3,63,35,574,52,180,2,7,0,70,41,12,1,0,0,0,0,0,0,0,0,0,0,24,16,4,17,0,57,0,0,5,6,0,0,0,0,3,0,0,0,0,0,0,0,0,0,0,0,"28,983",0,"28,983"
Macau S.A.R.,0,0,0,0,"2,809",0,0,0,1,2,0,0,0,0,0,0,0,0,0,0,0,230,3,0,0,0,0,0,0,17,0,0,0,0,0,4,1,48,0,4,1,0,0,1,2,3,0,0,0,0,0,0,0,0,0,0,0,0,0,0,2,0,0,0,2,1,0,0,0,0,0,0,0,0,0,0,0,0,0,0,0,0,0,"3,131",0,"3,131"
Malaysia,143,750,9,"2,320","37,496",101,0,0,55,"1,651",0,22,0,0,1,1,12,0,0,5,0,"2,366",93,0,47,88,0,84,3,443,0,0,0,0,134,128,75,"1,013",84,73,6,1,0,624,311,31,2,0,0,0,0,0,0,0,0,0,0,20,9,6,4,0,18,0,0,16,1,0,0,0,0,1,0,0,0,0,0,0,0,0,0,0,0,"48,247",0,"48,247"
Maldives,1,53,0,1,124,0,0,0,0,42,0,4,0,0,0,0,0,0,0,0,0,7,4,0,2,27,0,1,0,1,0,0,0,0,0,0,0,10,1,1,0,0,0,0,0,99,2,0,0,0,0,0,0,0,0,0,0,0,0,0,0,0,0,0,0,0,0,0,0,0,0,0,0,0,0,0,0,0,0,0,0,0,0,380,0,380
Mongolia,35,228,5,32,"7,421",3,0,0,34,0,0,4,2,0,6,0,8,0,0,0,0,944,172,0,8,105,0,45,0,24,0,0,0,0,0,7,30,590,68,21,4,0,0,3,9,11,12,0,0,0,0,0,0,0,0,0,0,0,0,0,21,0,34,0,0,6,0,0,0,0,0,0,0,0,0,0,0,0,1,2,3,0,0,"9,898",0,"9,898"
Nepal,11,222,6,75,"10,181",27,0,0,56,224,0,39,17,6,3,0,1,0,0,1,0,"2,132",231,0,29,99,0,296,6,585,0,0,3,0,1,279,16,296,80,86,1,3,0,40,30,44,1,0,0,0,0,0,0,0,0,0,0,3,0,0,0,0,16,1,0,18,7,0,0,0,0,1,0,0,2,0,0,0,0,2,2,1,0,"15,180",0,"15,180"
Oman,50,665,3,3,"2,443","1,771",0,0,0,96,0,0,0,0,2,0,0,0,0,0,0,989,153,0,26,76,0,1,0,2,0,0,0,0,18,1,1,72,33,1,0,0,0,16,28,48,5,0,0,0,0,0,0,0,0,0,0,0,0,0,0,0,0,0,0,0,0,0,0,0,0,0,0,0,0,0,0,0,0,0,0,0,0,"6,503",0,"6,503"
Pakistan,124,"1,283",20,134,"53,549",217,0,0,15,894,0,13,0,0,13,6,52,0,0,9,0,"1,575",204,0,120,77,0,387,7,670,0,0,0,0,5,730,67,"2,076",391,519,14,15,0,161,259,23,0,0,0,0,0,0,0,0,0,0,0,15,0,20,10,0,179,2,0,17,16,0,0,0,0,51,0,0,0,0,0,0,0,2,4,1,2,"63,948",0,"63,948"
Palestinian Authority Travel Document,0,2,0,93,"5,613",52,0,0,3,0,0,0,0,0,0,0,1,0,0,0,0,371,31,0,0,0,0,15,0,18,0,0,0,0,0,13,3,227,27,53,0,2,0,6,0,2,0,0,0,0,0,0,0,0,0,0,0,0,0,0,0,0,1,0,0,0,0,0,0,0,0,1,0,0,0,0,0,0,0,0,0,0,0,"6,534",0,"6,534"
Philippines,110,"1,666",278,"7,674","81,371",701,0,0,"1,197","63,384",0,130,"1,383",295,32,4,122,4,0,0,0,802,37,0,161,83,0,428,133,"1,700",0,0,3,889,20,"1,446",72,"4,876",90,"7,228","1,254",35,8,667,543,43,1,0,0,1,0,0,0,0,0,2,0,65,216,11,47,0,29,1,0,224,109,0,0,0,0,9,0,45,141,0,0,0,0,1,6,0,0,"179,777",0,"179,777"
Qatar,62,683,3,3,"8,892",5,0,0,1,22,0,0,0,0,1,0,0,0,0,0,0,"1,049",56,0,4,45,0,1,0,1,0,0,0,0,0,1,4,41,7,0,0,0,0,2,1,12,0,0,0,0,0,0,0,0,0,0,0,0,0,0,0,0,0,0,0,0,0,0,0,0,0,0,0,0,0,0,0,0,0,0,0,0,0,"10,896",0,"10,896"
Saudi Arabia,485,"7,754",93,168,"88,735",39,0,0,2,0,0,0,0,0,769,0,0,0,0,0,0,"32,006","9,381",0,91,109,0,65,0,51,0,0,0,0,53,103,7,958,640,4,0,0,0,143,374,125,17,0,0,0,0,0,0,0,0,0,0,4,0,3,1,0,0,0,0,0,0,0,0,0,0,0,0,0,0,0,0,0,0,0,0,0,0,"142,180",0,"142,180"
Singapore,40,"2,776",0,96,490,40,0,0,0,"1,579",0,23,1,0,0,1,47,0,0,8,0,"2,360",102,0,21,31,0,33,0,348,472,0,0,1,72,234,18,889,104,53,8,0,0,292,301,91,0,0,0,0,0,0,0,0,0,0,0,26,13,7,11,1,2,2,59,9,12,0,0,0,0,1,0,0,0,0,0,0,0,0,0,0,0,"10,674",0,"10,674"
Sri Lanka,29,236,14,110,"8,906",26,0,0,122,"1,109",0,0,1,1,3,0,7,0,0,3,0,825,127,0,51,124,0,80,14,234,0,0,0,0,3,125,4,188,58,25,1,0,0,73,101,71,1,0,0,0,0,0,0,0,0,0,0,4,0,1,6,0,38,0,0,22,0,0,0,0,0,7,0,0,0,0,0,0,0,4,6,0,0,"12,760",0,"12,760"
Syria,1,4,17,268,"9,338","1,535",0,0,17,74,0,0,0,0,7,0,0,0,0,2,0,582,76,0,50,6,0,47,0,40,0,0,0,0,0,68,14,132,48,211,11,1,1,25,38,10,2,0,0,0,0,0,0,0,0,0,0,3,1,1,5,0,26,0,0,4,4,0,0,0,0,2,0,0,0,0,0,0,0,0,0,0,0,"12,671",0,"12,671"
Thailand,53,"1,014",11,529,"42,780",19,0,0,109,"2,689",0,35,13,2,3,30,427,2,0,1,0,"5,219",51,0,11,167,1,43,4,245,0,0,15,3,14,64,89,"10,307",95,717,77,4,0,136,78,59,0,0,0,1,0,0,0,0,1,0,0,28,25,7,22,0,25,1,3,83,6,0,0,0,0,4,0,10,30,0,0,0,1,0,0,0,0,"65,363",0,"65,363"
Timor-Leste,4,51,0,5,29,2,0,0,2,0,0,0,0,0,0,0,0,0,0,0,0,9,0,0,1,28,0,3,0,0,0,0,0,0,0,0,0,35,0,0,0,0,0,0,0,0,0,0,0,0,0,0,0,0,0,0,0,0,0,0,0,0,0,0,0,0,0,0,0,0,0,0,0,0,0,0,0,0,0,0,0,0,0,169,0,169
United Arab Emirates,77,960,0,11,"19,037",4,0,0,0,0,0,2,0,0,155,0,0,0,0,0,0,"1,279",135,0,10,34,0,4,0,1,0,0,0,0,15,6,2,93,37,0,0,0,0,7,8,64,0,0,0,0,0,0,0,0,0,0,0,0,0,0,0,0,0,0,0,0,0,0,0,0,0,0,0,0,0,0,0,0,0,0,0,0,0,"21,941",0,"21,941"
Vietnam,228,645,0,58,"67,140",466,0,0,144,706,0,37,1,0,24,1,3,0,0,2,0,"14,674",148,0,57,166,0,235,8,426,0,0,0,0,10,162,35,"1,207",199,"1,521",218,3,1,161,145,202,0,0,0,0,0,0,0,0,0,0,0,11,8,3,2,0,65,0,0,181,4,0,0,0,0,6,0,12,20,0,0,0,1,0,0,0,0,"89,346",0,"89,346"
Yemen,28,296,21,77,"3,870",7,0,0,1,37,0,1,0,0,1,0,0,0,0,0,0,815,194,0,56,94,0,73,0,2,0,0,0,0,2,3,7,174,15,24,0,15,7,1,0,19,1,0,0,0,0,0,0,0,0,0,0,0,0,1,0,0,0,0,0,0,0,0,0,0,0,0,0,0,0,0,0,0,0,0,0,0,0,"5,842",0,"5,842"
Albania,13,119,0,29,"5,148",29,0,0,25,0,0,0,0,0,66,0,14,0,0,0,0,474,7,0,8,46,0,45,0,59,0,0,0,0,0,5,20,241,4,114,4,4,0,15,12,1,0,0,0,12,0,0,0,0,1,0,0,11,1,0,14,0,24,0,0,8,3,0,0,0,0,0,0,0,0,0,0,0,0,0,0,0,0,"6,576",0,"6,576"
Andorra,0,0,0,0,1,0,0,0,0,1,0,0,0,0,0,0,0,0,0,0,0,9,1,0,0,1,0,0,0,1,0,0,0,0,0,3,0,8,0,0,0,0,0,1,0,0,0,0,0,0,0,0,0,0,0,0,0,1,0,0,0,0,0,0,0,0,0,0,0,0,0,0,0,0,0,0,0,0,0,0,0,0,0,27,0,27
Armenia,46,170,1,4,"5,253",9,0,0,7,0,0,0,0,0,1,0,12,0,0,0,0,150,23,0,9,63,0,92,3,59,0,0,0,0,0,37,15,235,28,241,11,1,0,12,17,2,0,0,0,0,0,0,0,0,0,0,0,21,17,2,50,1,183,4,0,4,2,0,0,0,0,1,0,0,0,0,0,0,0,0,1,0,0,"6,787",0,"6,787"
Austria,22,280,1,190,874,6,0,0,2,619,0,0,0,0,0,23,129,0,0,1,0,762,11,0,14,25,10,109,1,108,0,0,0,12,4,33,123,"2,130",92,42,3,0,0,274,150,56,0,0,0,1,0,0,0,0,0,0,0,106,11,19,307,0,28,3,1,7,8,0,0,0,0,1,0,0,0,0,0,0,0,0,0,0,0,"6,598",0,"6,598"
Azerbaijan,58,308,0,22,"4,661",2,0,0,136,0,0,3,0,0,118,0,21,0,0,0,0,390,34,0,41,99,0,70,0,45,0,0,0,0,19,34,26,256,31,14,3,0,0,20,19,24,0,0,0,0,0,0,0,0,0,0,0,4,0,0,5,0,0,1,0,0,0,0,0,0,0,2,0,0,0,0,0,0,0,0,0,0,0,"6,466",0,"6,466"
Belarus,18,29,0,16,"10,106",27,0,0,12,656,0,6,0,0,12,1,0,0,0,0,0,218,11,0,27,80,0,70,2,96,0,0,1,0,0,69,11,435,34,97,19,2,0,131,137,2,0,0,0,0,0,0,0,0,0,1,0,27,0,4,44,0,2,7,0,3,6,0,0,0,0,0,0,0,0,0,0,0,0,0,0,0,0,"12,419",0,"12,419"
Belgium,29,215,1,50,984,8,0,0,4,571,0,5,0,0,2,20,191,0,0,0,0,981,15,0,5,38,21,168,0,157,0,0,0,3,8,65,125,"1,265",132,33,3,0,0,432,364,109,0,0,0,612,0,16,0,6,0,0,0,114,117,29,164,1,25,0,0,2,6,0,0,0,0,3,0,0,0,0,0,0,0,0,0,0,0,"7,099",0,"7,099"
Bosnia and Herzegovina,14,138,1,16,"4,287",1,0,0,1,867,0,0,0,0,5,2,3,0,0,0,0,169,7,0,6,19,0,33,0,35,0,0,0,0,0,7,8,508,10,148,6,2,0,9,17,0,0,0,0,0,0,0,0,0,0,0,0,4,0,0,4,0,51,0,1,4,2,0,0,0,0,2,0,0,0,0,0,0,0,0,0,0,0,"6,387",0,"6,387"
Bulgaria,22,129,1,94,"11,240",24,0,0,11,"1,334",0,0,1,0,8,0,66,0,0,0,0,391,4,0,16,45,2,73,0,233,0,0,3,252,1,35,29,"6,336",31,88,6,3,1,55,36,3,0,0,0,187,0,2,0,0,0,0,0,42,13,8,74,0,30,0,0,2,4,0,0,0,0,2,0,0,0,0,0,0,0,0,0,0,0,"20,937",0,"20,937"
Croatia,14,157,1,167,"10,660",401,0,0,24,"2,989",0,4,0,0,1,0,6,0,0,1,0,280,4,0,8,32,0,44,0,68,0,0,0,24,0,19,23,659,36,43,4,1,0,66,45,17,0,0,0,2,0,2,0,0,0,0,0,21,3,0,32,0,29,0,1,5,0,0,0,0,0,1,0,0,0,0,0,0,0,0,0,0,0,"15,894",0,"15,894"
Cyprus,5,18,0,4,"4,168",0,0,0,6,70,0,1,0,0,0,0,0,0,0,0,0,170,0,0,12,20,0,12,0,40,0,0,0,0,0,12,5,103,11,4,2,1,0,17,2,9,0,0,0,0,0,0,0,2,0,0,0,13,0,0,0,0,5,0,0,1,1,0,0,0,0,0,0,0,0,0,0,0,0,0,0,0,0,"4,714",0,"4,714"
Czech Republic,38,253,0,71,"1,537",57,0,0,7,264,0,2,0,0,0,0,68,0,0,1,0,539,10,0,23,60,2,36,0,79,0,0,0,19,2,39,20,"3,041",88,41,2,2,1,230,141,12,0,0,0,39,0,4,0,0,0,0,0,47,7,12,90,0,5,6,0,2,0,0,0,0,0,1,0,0,0,0,0,0,0,0,0,0,0,"6,898",0,"6,898"
Denmark,49,404,1,26,"1,499",12,0,0,4,655,0,1,0,0,0,20,141,0,0,7,0,"1,616",24,0,15,125,5,184,1,133,0,0,0,1,10,95,127,"2,588",196,34,0,0,0,373,417,71,0,0,1,84,0,13,0,1,0,0,0,167,34,44,96,1,11,9,0,8,0,0,0,0,0,0,0,0,0,0,0,0,0,0,0,0,0,"9,303",0,"9,303"
Estonia,24,53,0,35,220,0,0,0,0,164,0,0,0,0,0,1,9,0,0,0,0,74,1,0,2,18,0,10,1,18,0,0,0,1,0,8,4,620,23,11,1,2,0,18,14,8,0,0,0,96,0,0,0,1,0,0,0,18,1,0,173,0,0,2,0,0,0,0,0,0,0,0,0,0,0,0,0,0,0,0,0,0,0,"1,631",0,"1,631"
Finland,30,351,0,115,450,13,0,0,3,498,0,2,0,0,0,18,66,0,0,4,0,436,12,0,21,109,4,92,0,86,0,0,0,1,4,50,70,"1,232",188,32,0,0,0,284,322,38,4,0,0,0,0,0,0,0,0,0,0,86,5,15,146,0,13,9,8,14,0,0,0,0,0,1,0,0,0,0,0,0,0,0,0,0,0,"4,832",0,"4,832"
France,179,"1,587",4,518,"3,615",87,0,0,18,"4,222",0,21,0,0,7,139,"2,641",0,0,11,0,"7,072",97,0,54,67,22,860,4,"1,709",0,0,1,3,79,445,602,"13,718",969,277,23,7,0,"2,714","3,069",297,9,0,0,132,0,19,1,6,0,1,0,784,263,233,677,7,73,13,300,56,12,0,0,0,0,13,0,0,0,0,0,0,0,0,0,0,0,"47,737",0,"47,737"
Georgia,37,481,2,13,"6,666",2,0,0,2,230,0,0,0,0,0,0,7,0,0,1,0,298,16,0,10,61,0,44,4,25,0,0,0,0,0,14,29,494,24,29,4,1,0,7,3,2,1,0,0,0,0,0,0,0,0,0,0,11,0,3,12,0,32,2,0,1,0,0,0,0,0,0,0,0,0,0,0,0,0,0,0,0,0,"8,568",0,"8,568"
Germany,218,"1,161",10,524,"8,001",42,0,0,12,"6,226",0,10,0,0,0,"1,449","3,731",1,0,28,0,"8,764",86,0,79,211,20,520,9,"1,213",0,0,0,8,87,389,913,"22,034",812,381,20,4,0,"2,481","1,717",518,15,0,0,942,2,27,36,328,0,0,0,613,198,136,"1,047",2,45,11,162,66,15,0,0,0,0,16,0,0,0,0,0,0,0,0,0,0,0,"65,340",0,"65,340"
Great Britain and Northern Ireland,105,"3,243",4,"2,060","20,382",211,0,0,27,"8,719",0,89,1,1,3,155,"2,915",1,0,78,0,"4,859",139,0,39,109,13,728,0,"2,509",0,0,43,"1,537",69,"1,165","1,683","19,363",372,"1,370",65,5,0,"6,302","4,972",634,41,0,0,589,0,24,3,13,0,1,0,"2,391","1,792",562,"2,533",98,214,34,109,168,81,0,0,0,0,29,0,0,0,0,0,0,0,0,1,0,0,"92,653",0,"92,653"
Greece,45,160,0,28,"1,181",13,0,0,0,"2,941",0,1,0,0,2,22,5,0,0,6,0,825,20,0,22,18,1,55,0,341,0,0,0,2,4,71,12,751,115,44,0,0,0,128,77,17,1,0,0,153,0,7,0,3,0,0,0,99,19,27,58,0,169,3,3,10,0,0,0,0,0,2,0,0,0,0,0,0,0,0,0,0,0,"7,461",0,"7,461"
Hungary,32,146,1,60,516,3,0,0,4,524,0,0,0,0,1,0,1,0,0,1,0,334,18,0,12,84,4,56,0,139,0,0,1,36,7,65,30,"2,153",157,54,3,0,0,257,220,12,0,0,0,85,0,1,2,2,0,0,0,55,3,20,190,0,51,6,0,23,0,0,0,0,0,2,0,0,0,0,0,0,0,0,0,0,0,"5,371",0,"5,371"
Iceland,12,11,0,3,517,0,0,0,0,335,0,0,0,0,0,0,0,0,0,0,0,233,23,0,11,19,0,30,2,33,0,0,0,1,0,25,1,168,27,6,0,1,1,18,32,18,5,0,0,2,0,0,0,0,0,0,0,23,10,3,36,0,1,0,0,1,0,0,0,0,0,1,0,0,0,0,0,0,0,0,0,0,0,"1,609",0,"1,609"
Ireland,17,153,1,195,"1,477",25,0,0,5,770,0,0,0,0,0,53,270,0,0,4,0,603,17,0,12,15,2,122,0,651,0,0,52,258,25,160,148,"10,092",123,131,4,1,0,"1,124",778,52,5,0,0,0,0,0,0,0,0,0,0,249,122,47,348,8,324,8,11,28,5,0,0,0,0,0,0,0,0,0,0,0,0,0,0,0,0,"18,495",0,"18,495"
Italy,108,382,2,511,"3,778",40,0,0,5,"2,691",0,8,0,0,0,306,"1,404",0,0,7,0,"4,532",78,0,50,138,21,441,4,"1,030",0,0,1,15,30,268,162,"6,948",395,154,13,3,0,"1,224",928,260,8,0,0,484,0,19,8,5,0,0,0,618,161,149,603,0,43,13,258,78,10,0,0,0,0,8,0,0,0,0,0,0,0,0,0,0,0,"28,402",0,"28,402"
Kazakhstan,68,451,7,46,"17,501",30,0,0,43,1,0,2,0,0,68,0,24,0,0,0,0,"2,011",168,0,17,69,0,81,0,64,0,0,0,0,7,32,21,"2,307",60,66,18,1,0,55,81,8,0,0,0,0,0,0,0,0,0,0,0,12,1,4,31,0,4,2,0,19,3,0,0,0,0,1,0,0,0,0,0,0,0,0,0,0,0,"23,384",0,"23,384"
Kosovo,16,144,0,0,"3,022",8,0,0,0,0,0,6,0,0,0,0,0,0,0,0,0,94,0,0,0,24,0,23,0,15,0,0,0,0,0,4,13,584,8,94,3,5,0,7,8,0,0,0,0,0,0,0,0,0,0,0,0,5,0,0,2,0,4,0,0,0,0,0,0,0,0,0,0,0,0,0,0,0,0,0,0,0,0,"4,089",0,"4,089"
Kyrgyzstan,15,148,0,4,"2,211",0,0,0,20,0,0,0,0,0,19,0,5,0,0,4,0,172,19,0,16,19,0,99,0,24,0,0,0,0,0,10,15,591,15,29,4,0,0,3,16,1,0,0,0,0,0,0,0,0,0,0,0,3,1,1,5,0,0,0,0,11,0,0,0,0,0,0,0,0,0,0,0,0,0,0,0,0,0,"3,480",0,"3,480"
Latvia,12,139,0,4,232,158,0,0,0,874,0,3,0,0,0,0,6,0,0,3,0,121,5,0,7,11,0,16,0,29,0,0,0,1,1,23,7,266,10,25,1,0,0,30,21,10,0,0,0,4,0,0,0,0,0,0,0,31,3,4,56,0,6,0,0,2,1,0,0,0,0,0,0,0,0,0,0,0,0,0,0,0,0,"2,122",0,"2,122"
Liechtenstein,0,5,0,0,8,0,0,0,0,1,0,0,0,0,0,0,0,0,0,0,0,16,0,0,2,3,0,1,0,1,0,0,0,0,0,0,0,12,1,0,0,0,0,2,0,0,0,0,0,0,0,0,0,0,0,0,0,1,0,0,0,0,0,0,0,0,0,0,0,0,0,0,0,0,0,0,0,0,0,0,0,0,0,53,0,53
Lithuania,31,173,0,56,242,0,0,0,3,403,0,0,0,0,0,0,16,0,0,2,0,241,5,0,15,41,3,15,1,47,0,0,0,66,1,24,5,"1,184",12,26,1,0,0,38,32,4,0,0,0,3,0,0,1,1,0,0,0,38,0,2,40,0,0,0,0,4,0,0,0,0,0,0,0,0,0,0,0,0,0,0,0,0,0,"2,776",0,"2,776"
Luxembourg,8,32,0,0,34,2,0,0,0,21,0,0,0,0,0,0,3,0,0,0,0,58,0,0,1,8,1,20,0,6,0,0,0,0,0,5,10,56,5,1,0,0,0,9,5,5,0,0,0,3,0,1,0,0,0,0,0,3,0,0,2,0,0,0,0,0,0,0,0,0,0,0,0,0,0,0,0,0,0,0,0,0,0,299,0,299
Macedonia,24,171,1,7,"3,352",4,0,0,6,637,0,0,0,0,1,0,3,0,0,0,0,97,2,0,3,36,0,27,0,31,0,0,0,12,0,12,9,"1,507",13,65,1,0,0,7,7,1,0,0,0,0,0,0,0,0,0,0,0,6,0,0,5,0,33,3,0,0,0,0,0,0,0,1,0,0,0,0,0,0,0,0,0,0,0,"6,084",0,"6,084"
Malta,2,20,0,4,103,4,0,0,1,38,0,0,0,0,0,0,1,0,0,0,0,4,0,0,9,9,3,5,0,6,0,0,0,0,0,1,1,15,1,0,0,0,0,27,7,6,0,0,0,0,0,0,0,0,0,0,0,4,0,1,4,0,0,0,0,1,0,0,0,0,0,0,0,0,0,0,0,0,0,0,0,0,0,277,0,277
Moldova,11,81,0,15,"3,924",46,0,0,11,69,0,0,0,0,1,0,12,0,0,0,0,90,5,0,6,22,1,44,1,33,0,0,38,121,1,34,5,"2,600",7,58,7,1,0,12,18,1,1,0,0,4,0,0,0,0,0,0,0,9,4,0,23,0,0,1,0,0,3,0,0,0,0,0,0,0,0,0,0,0,1,0,0,0,0,"7,321",0,"7,321"
Monaco,7,0,0,0,4,0,0,0,0,0,0,0,0,0,0,0,0,0,0,0,0,8,0,0,3,4,0,0,0,1,0,0,0,0,0,0,0,3,0,0,0,0,0,0,0,0,0,0,0,0,0,0,0,0,0,0,0,0,0,0,0,0,0,0,0,0,0,0,0,0,0,0,0,0,0,0,0,0,0,0,0,0,0,30,0,30
Montenegro,3,134,0,4,"2,371",1,0,0,0,"1,211",0,0,0,0,0,0,3,0,0,0,0,103,0,0,3,21,0,5,0,14,0,0,0,1,0,3,9,366,0,15,0,0,0,4,4,0,0,0,0,0,0,0,0,0,0,0,0,4,0,0,4,0,10,3,0,0,0,0,0,0,0,0,0,0,0,0,0,0,0,0,0,0,0,"4,296",0,"4,296"
Netherlands,80,337,0,577,"3,690",10,0,0,4,"3,521",0,1,0,0,1,23,377,0,0,4,0,"1,571",8,0,23,134,7,229,1,287,0,0,5,24,9,110,116,"3,145",189,136,7,1,0,"1,070","1,018",175,2,0,0,231,0,13,0,14,0,0,0,302,144,74,359,3,10,12,0,18,15,0,0,0,0,4,0,0,0,0,0,0,0,0,0,0,0,"18,091",0,"18,091"
Norway,48,308,1,57,"2,007",4,0,0,4,"1,196",0,0,0,0,0,49,192,0,0,1,0,"2,558",70,0,18,209,0,110,1,68,0,0,0,3,15,22,136,"2,162",238,32,0,0,0,189,234,271,15,0,3,158,1,6,0,1,0,0,0,111,29,26,136,0,12,1,169,16,10,0,0,0,0,1,0,0,0,0,0,0,0,0,0,0,0,"10,898",0,"10,898"
Poland,46,313,0,521,"77,882",44,0,0,155,"2,600",0,3,0,0,0,4,103,0,0,5,0,701,17,0,23,73,12,43,2,287,0,0,2,53,77,166,138,"4,681",227,142,12,3,1,433,340,25,1,0,0,367,0,5,4,31,0,0,0,117,9,19,408,0,87,3,0,59,0,0,0,0,0,1,0,0,0,0,0,0,0,0,0,0,0,"90,245",0,"90,245"
Portugal,18,88,0,73,"1,630",2,0,0,1,"1,643",0,4,0,0,0,0,14,0,0,2,0,551,19,0,10,25,7,65,0,168,0,0,1,8,3,50,37,710,66,35,1,1,0,266,256,44,1,0,3,42,0,2,0,1,0,0,0,87,14,29,53,0,18,3,0,10,2,0,0,0,0,2,0,0,0,0,0,0,0,0,0,0,0,"6,065",0,"6,065"
Romania,68,255,5,717,"28,520",48,0,0,141,"5,692",0,1,0,0,2,3,40,0,0,2,0,406,26,0,14,84,5,100,2,291,0,0,195,471,2,92,88,"5,275",51,214,23,6,0,172,134,20,4,0,2,211,0,8,0,0,0,0,0,40,5,7,43,1,37,8,0,14,10,0,0,0,0,3,0,0,0,0,0,0,0,0,0,0,0,"43,558",0,"43,558"
Russia,302,"1,417",0,471,"206,049",118,0,0,198,"15,888",0,16,13,1,0,6,21,0,0,3,0,"6,214",286,0,344,338,0,670,2,735,0,0,0,23,27,632,402,"6,079",205,705,123,4,2,872,918,188,9,0,0,0,0,0,0,0,0,0,0,312,25,84,"1,475",1,321,64,1,47,14,0,0,0,0,13,0,0,0,0,0,0,0,0,0,0,0,"245,638",0,"245,638"
San Marino,5,1,0,0,0,0,0,0,0,0,0,0,0,0,0,0,0,0,0,0,0,5,0,0,1,2,0,0,0,1,0,0,0,0,0,0,0,2,1,0,0,0,0,0,0,0,0,0,0,0,0,0,0,0,0,0,0,0,0,0,1,0,0,0,0,0,0,0,0,0,0,0,0,0,0,0,0,0,0,0,0,0,0,19,0,19
Serbia  ,12,123,0,32,"10,679",44,0,0,23,"2,185",0,0,0,0,0,2,20,0,0,0,0,726,9,0,7,44,0,72,1,214,0,0,1,152,2,56,41,"3,020",41,101,2,1,0,63,58,6,0,0,0,1,0,0,0,0,0,0,0,75,10,9,138,0,71,4,1,5,5,0,0,0,0,4,0,0,0,0,0,0,0,0,1,0,0,"18,061",0,"18,061"
Slovakia,20,126,1,19,524,28,0,0,8,300,0,0,0,0,0,0,32,0,0,0,0,348,11,0,12,32,1,31,0,80,0,0,0,78,0,26,16,"3,162",26,26,1,0,0,116,80,9,0,0,0,8,0,0,0,0,0,0,0,33,2,3,31,0,0,2,0,7,1,0,0,0,0,2,0,0,0,0,0,0,0,0,0,0,0,"5,202",0,"5,202"
Slovenia,11,34,0,6,327,1,0,0,0,139,0,1,0,0,0,3,27,0,0,0,0,157,8,0,5,21,1,17,0,33,0,0,0,11,1,6,6,261,39,6,0,0,0,27,15,3,0,0,0,53,0,0,0,1,0,0,0,15,0,0,27,0,15,1,0,2,0,0,0,0,0,0,0,0,0,0,0,0,0,0,0,0,0,"1,280",0,"1,280"
Spain,92,506,3,826,"3,997",87,0,0,17,"2,803",0,4,0,0,1,100,"1,480",0,0,6,0,"4,628",166,0,33,64,22,589,6,977,0,0,0,52,17,321,364,"7,970","1,104",171,7,3,1,"1,274","1,471",121,3,0,0,172,0,10,4,0,0,0,0,415,112,133,288,1,194,43,35,53,13,0,0,0,0,25,0,0,0,0,0,0,1,0,0,0,0,"30,785",0,"30,785"
Sweden,28,940,2,275,"1,668",142,0,0,6,"1,046",0,3,0,0,0,25,529,0,0,12,0,"2,758",39,0,25,114,12,142,1,242,0,0,2,16,4,92,135,"3,060",255,102,2,2,0,619,627,200,9,0,0,0,0,0,0,0,0,0,0,290,149,84,390,1,7,17,1,20,5,0,0,0,0,2,0,0,0,0,0,0,0,0,0,0,0,"14,100",0,"14,100"
Switzerland,39,329,0,154,"2,306",17,0,0,1,556,0,0,0,0,0,25,231,0,0,4,0,"3,532",33,0,27,13,1,168,0,167,0,0,3,2,6,42,112,"1,497",169,35,4,1,0,372,302,222,14,0,0,0,0,0,0,0,0,0,0,122,17,36,106,0,10,4,0,16,2,0,0,0,0,5,0,0,0,0,0,0,1,0,0,0,0,"10,703",0,"10,703"
Tajikistan,9,107,1,2,794,2,0,0,3,1,0,5,0,0,1,0,0,0,0,0,0,151,19,0,18,68,0,74,0,14,0,0,0,0,0,7,4,182,16,11,5,0,0,0,0,0,0,0,0,0,0,0,0,0,0,0,0,0,0,0,1,0,2,1,0,0,0,0,0,0,0,0,0,0,0,0,0,0,0,0,0,0,0,"1,498",0,"1,498"
Turkey,132,"1,112",4,104,"75,404",231,0,0,40,"4,189",0,40,0,0,3,57,422,0,0,0,0,"6,973",276,0,29,254,0,92,5,"1,040",0,0,0,67,4,353,169,"7,493","1,050",117,3,1,0,185,134,218,17,0,4,452,0,29,0,3,0,0,0,65,12,24,10,0,16,2,7,10,26,0,0,0,0,4,0,0,0,0,0,0,1,0,1,0,0,"100,884",0,"100,884"
Turkmenistan,7,50,0,32,"1,036",3,0,0,1,6,0,0,0,0,0,0,0,0,0,0,0,222,14,0,12,13,0,29,0,11,0,0,0,0,0,5,4,193,10,8,2,0,0,3,6,0,0,0,0,0,0,0,0,0,0,0,0,0,0,0,2,0,6,1,0,0,0,0,0,0,0,0,0,0,0,0,0,0,0,0,0,0,0,"1,676",0,"1,676"
Ukraine,67,235,2,317,"41,600","1,077",0,0,66,"9,588",0,1,0,0,0,0,29,0,0,0,0,956,71,0,24,60,0,116,2,311,0,0,79,123,1,345,74,"5,311",79,992,235,0,0,391,327,41,0,0,0,0,0,0,0,0,0,0,0,81,6,13,224,0,43,29,0,28,19,0,0,0,0,13,0,0,0,0,0,0,0,0,0,0,0,"62,976",0,"62,976"
Uzbekistan,55,139,1,13,"6,695",8,0,0,26,270,0,1,0,0,0,0,2,0,0,0,0,318,87,0,14,26,0,103,0,45,0,0,0,0,1,29,0,545,24,82,17,1,1,16,43,1,1,0,0,0,0,0,0,0,0,0,0,7,0,1,5,0,30,3,0,0,0,0,0,0,0,0,0,0,1,0,0,0,0,0,2,0,0,"8,613",0,"8,613"
Vatican City,4,14,0,0,12,0,0,0,0,0,0,1,0,0,0,0,0,0,0,0,0,0,0,0,1,1,1,0,0,0,0,0,0,0,0,0,0,0,0,0,0,0,0,0,0,0,0,0,0,0,0,0,0,0,0,0,0,0,0,0,0,0,0,0,0,0,0,0,0,0,0,0,0,0,0,0,0,0,0,0,0,0,0,34,0,34
Antigua and Barbuda,13,28,0,0,"1,730",354,0,0,0,12,0,13,0,0,0,0,0,0,0,0,0,66,0,0,1,0,0,6,0,5,0,0,0,7,0,7,0,15,2,1,1,0,0,2,0,3,0,0,0,0,0,0,0,0,0,0,0,0,0,0,11,0,0,0,0,0,0,0,0,0,0,0,0,0,0,0,0,0,0,0,0,0,0,"2,277",0,"2,277"
"Bahamas, The",40,112,1,1,"8,206",2,0,0,7,116,0,49,0,0,2,0,0,0,0,0,0,"1,033",19,0,12,3,0,14,0,113,0,0,0,0,0,16,8,32,8,16,1,1,0,21,11,57,1,0,0,0,0,0,0,0,0,0,0,5,0,0,7,0,0,0,0,14,1,0,0,0,0,0,0,0,0,0,0,0,0,0,0,0,0,"9,929",0,"9,929"
Barbados,19,64,0,0,"6,908","1,476",0,0,46,49,0,10,0,0,0,0,0,0,0,0,0,129,1,0,2,0,0,32,0,27,0,0,0,3,0,3,2,43,2,10,2,0,0,7,7,10,0,0,0,0,0,0,0,0,0,0,0,5,3,0,21,0,4,0,0,0,1,0,0,0,0,1,0,0,0,0,0,0,0,0,0,0,0,"8,887",0,"8,887"
Belize,5,116,0,1,"4,703",0,0,0,90,63,0,120,0,0,0,0,0,0,0,0,0,127,1,0,1,1,0,5,0,17,0,0,6,118,1,12,0,54,4,21,4,0,0,3,1,7,0,0,0,0,0,0,0,0,0,0,0,0,0,0,0,0,0,0,0,0,0,0,0,0,0,0,0,0,0,0,0,0,0,0,3,0,0,"5,484",0,"5,484"
Canada,199,126,0,33,259,12,0,0,3,14,0,0,1,0,0,446,"2,590",0,0,39,0,241,24,1,26,24,0,649,1,44,0,0,1,0,1,86,39,113,63,966,62,7,0,110,206,15,0,0,2,593,0,3,0,6,0,0,0,21,13,15,18,0,12,1,1,10,12,0,0,0,67,20,0,0,0,0,0,0,1,0,0,0,0,"7,196",0,"7,196"
Costa Rica,44,180,0,17,"47,155",15,0,0,37,259,0,67,0,0,0,4,9,0,0,0,0,516,23,0,15,22,0,123,2,92,0,0,99,255,9,41,22,435,28,111,33,1,1,254,223,16,0,0,0,0,0,0,0,0,0,0,0,18,0,4,82,0,0,1,0,13,6,0,0,0,0,3,0,0,0,0,0,0,0,1,1,0,0,"50,237",0,"50,237"
Cuba,107,54,0,"2,557","2,069","35,040",0,0,10,8,0,1,0,0,0,0,2,0,0,1,0,32,2,0,105,102,0,44,0,2,0,0,0,0,0,0,8,63,2,263,46,2,0,0,6,0,0,0,0,0,0,0,0,0,0,0,0,9,28,0,285,0,122,1,0,10,19,0,0,0,0,1,0,0,0,0,0,0,0,0,0,0,0,"41,001",0,"41,001"
Dominica,5,22,0,2,924,142,0,0,5,82,0,11,0,0,0,0,0,0,0,0,0,92,0,0,0,1,0,5,0,12,0,0,0,0,0,3,0,9,0,14,0,1,0,1,1,1,0,0,0,0,0,0,0,0,0,0,0,0,0,0,11,0,1,0,0,0,0,0,0,0,0,0,0,0,0,0,0,0,0,0,0,0,0,"1,345",0,"1,345"
Dominican Republic,30,365,9,353,"53,569",275,0,0,268,700,0,20,0,0,5,0,6,0,0,1,0,774,26,0,11,12,0,66,10,132,0,0,103,145,1,61,169,"1,304",30,"1,413",424,3,1,52,95,11,0,0,0,0,0,0,0,0,0,0,0,43,21,20,"1,307",0,3,75,0,33,8,0,0,0,0,2,0,1,4,0,0,0,0,0,36,0,0,"61,997",0,"61,997"
El Salvador,105,603,4,517,"32,457",734,0,0,145,336,0,119,0,0,0,0,1,0,0,1,0,393,11,0,21,44,2,91,6,81,0,0,27,549,2,39,15,300,11,232,52,6,1,35,52,9,1,0,0,0,0,0,0,0,0,0,0,5,1,4,70,0,0,3,0,25,4,0,0,0,0,2,0,0,24,3,3,0,5,16,308,2,5,"37,482",0,"37,482"
Grenada,8,37,0,2,"1,644",306,0,0,1,307,0,20,0,0,0,0,0,0,0,0,0,59,1,0,2,2,0,4,0,26,0,0,0,0,0,1,0,15,1,10,0,0,0,1,0,4,0,0,0,0,0,0,0,0,0,0,0,0,0,0,1,0,2,0,0,0,0,0,0,0,0,0,0,0,0,0,0,0,0,0,2,0,0,"2,456",0,"2,456"
Guatemala,60,239,3,126,"55,353",13,0,0,86,201,0,97,0,0,0,0,1,0,0,0,0,489,20,0,17,14,1,69,12,76,0,0,"1,453","3,304",2,48,36,297,11,123,25,1,0,37,67,23,4,0,0,0,0,0,0,0,0,0,0,10,1,0,88,0,1,1,0,36,12,0,0,0,0,0,0,1,7,4,1,0,12,12,306,6,12,"62,818",0,"62,818"
Haiti,58,209,2,29,"30,885",28,0,0,192,274,0,222,0,0,0,0,0,0,0,0,0,344,6,0,14,63,0,54,2,17,0,0,15,6,0,5,41,156,6,514,104,0,0,0,0,5,0,0,0,0,0,0,0,0,0,0,0,4,0,1,12,4,100,0,0,17,4,0,0,0,0,0,0,3,9,0,0,0,0,1,4,0,0,"33,410",0,"33,410"
Honduras,163,296,6,757,"32,355","8,697",0,0,203,"1,835",0,29,0,0,4,31,46,0,0,0,0,711,16,0,13,9,0,46,9,88,0,0,525,637,2,59,50,238,25,174,45,3,1,28,36,5,0,0,0,0,0,0,0,0,0,2,0,3,0,2,94,0,12,3,0,32,14,0,0,0,0,5,0,0,14,2,2,0,4,0,209,2,6,"47,548",0,"47,548"
Jamaica,22,167,1,332,"66,523",297,0,0,316,"1,652",0,174,0,0,1,0,5,0,0,0,0,954,41,0,12,12,0,78,1,185,0,0,3,"6,152",0,65,17,"4,518",111,474,130,7,6,14,15,16,0,0,0,0,0,0,0,0,0,0,0,38,221,11,167,1,82,0,0,6,6,0,0,0,0,2,0,0,0,0,0,0,0,0,7,0,2,"82,844",0,"82,844"
Mexico,542,"2,553",28,"3,941","33,897","1,247","1,200,413","32,471",353,"2,698",0,34,0,0,8,"1,154","2,707",0,0,6,0,"8,931",689,402,103,243,1,873,15,"3,243",0,0,"83,674","50,045",81,"2,687",784,"7,746",452,"1,670",390,26,15,"4,314","5,609",313,55,0,0,2,0,0,0,0,0,0,0,433,741,145,"3,321",2,88,86,124,375,66,0,0,0,"11,140","6,694",0,1,14,4,6,0,80,52,557,25,32,"1,478,401",0,"1,478,401"
Nicaragua,18,103,3,204,"17,142",28,0,0,423,504,0,179,0,0,0,0,0,0,0,0,0,143,8,0,7,16,0,45,5,36,0,0,318,106,2,20,16,111,4,133,15,3,0,10,4,10,0,0,0,0,0,0,0,0,0,0,0,0,0,1,54,0,0,0,0,9,4,0,0,0,0,1,0,0,2,0,0,0,3,1,19,1,1,"19,712",0,"19,712"
Panama,52,527,1,117,"20,311","5,406",0,0,117,"1,005",0,96,0,0,0,0,7,0,0,0,0,668,9,0,17,53,0,29,4,41,0,0,1,64,0,27,25,195,11,45,8,0,0,28,26,41,2,0,0,0,0,0,0,0,0,1,0,5,12,0,42,0,0,1,0,5,1,0,0,0,0,1,0,0,0,0,0,0,0,0,2,0,0,"29,003",0,"29,003"
Saint Kitts and Nevis,3,28,0,2,"1,463",273,0,0,5,6,0,18,0,0,0,0,2,0,0,0,0,93,2,0,3,0,0,6,0,10,0,0,0,0,0,0,1,6,1,5,1,0,0,6,3,1,0,0,0,0,0,0,0,0,0,0,0,0,1,0,2,0,0,0,0,1,0,0,0,0,0,0,0,0,0,0,0,0,0,0,0,0,0,"1,942",0,"1,942"
Saint Lucia,8,29,0,28,"2,076",429,0,0,10,440,0,7,0,0,0,0,0,0,0,0,0,63,0,0,3,0,1,9,0,21,0,0,0,0,0,2,0,16,0,10,3,0,0,2,3,3,0,0,0,0,0,0,0,0,0,0,0,0,0,0,0,0,5,0,0,1,0,0,0,0,0,0,0,0,0,0,0,0,0,1,0,0,0,"3,170",0,"3,170"
Saint Vincent and the Grenadines,5,23,0,97,"1,354",219,0,0,14,433,0,17,0,0,0,0,0,0,0,0,0,24,2,0,0,1,0,4,0,5,0,0,0,0,0,1,0,12,1,6,1,0,0,1,1,3,0,0,0,0,0,0,0,0,0,0,0,0,0,0,1,0,5,0,0,0,0,0,0,0,0,0,0,0,0,0,0,0,0,0,0,0,0,"2,230",0,"2,230"
Trinidad and Tobago,25,175,1,21,"27,987",17,0,0,59,209,0,70,0,0,2,0,19,0,0,1,0,500,6,0,5,34,0,111,1,177,0,0,0,0,8,34,9,122,12,39,7,2,1,138,97,61,0,0,0,0,0,0,0,0,0,0,0,6,1,1,125,0,70,1,0,3,0,0,0,0,0,0,0,0,0,0,0,0,0,0,2,0,0,"30,159",0,"30,159"
Australia,98,"3,881",3,170,"8,356",47,0,0,40,"2,097",0,275,2,0,0,21,327,0,"4,492","2,526","1,259","2,492",88,0,17,58,0,241,0,424,0,0,28,46,8,185,352,"5,502",258,391,24,10,1,"1,423","1,374",283,31,0,0,0,0,0,0,0,0,0,1,651,231,105,734,4,36,24,4,74,20,0,0,0,0,15,0,0,0,0,0,0,0,0,0,0,0,"38,729",0,"38,729"
Fiji,11,61,0,4,"3,216",14,0,0,280,163,0,59,1,0,0,0,0,0,0,2,0,27,4,0,5,9,0,38,0,3,0,0,0,0,0,3,7,39,9,15,0,1,0,1,3,2,0,0,0,0,0,0,0,0,0,0,0,2,1,1,2,0,0,1,0,15,3,0,0,0,0,0,0,0,0,0,0,0,0,0,0,0,0,"4,002",0,"4,002"
Kiribati,13,63,0,1,76,0,0,0,6,361,0,11,0,0,0,0,0,0,0,0,0,7,0,0,5,0,0,6,0,1,0,0,0,2,0,0,0,16,4,0,0,0,0,0,0,0,0,0,0,0,0,0,0,0,0,0,0,0,0,0,0,0,0,0,0,10,0,0,0,0,0,0,0,0,0,0,0,0,0,0,0,0,0,582,0,582
Marshall Islands,4,2,0,0,23,3,0,0,20,0,0,0,0,0,0,0,0,0,0,0,0,3,0,0,0,0,0,0,0,0,0,0,0,0,0,0,0,3,0,0,0,0,0,0,0,0,0,0,0,0,0,0,0,0,0,0,0,0,0,0,0,0,0,0,0,0,0,0,0,0,0,0,0,0,0,0,0,0,0,0,0,0,0,58,0,58
"Micronesia, Federated States of",1,2,0,0,1,0,0,0,0,0,0,0,0,0,0,0,0,0,0,0,0,1,0,0,0,0,0,0,0,0,0,0,0,0,0,0,0,2,0,0,0,0,0,0,0,0,0,0,0,0,0,0,0,0,0,0,0,0,0,0,0,0,0,0,0,0,0,0,0,0,0,0,0,0,0,0,0,0,0,0,0,0,0,7,0,7
Nauru,6,26,0,0,5,0,0,0,1,0,0,0,0,0,0,0,0,0,0,0,0,0,0,0,2,5,0,2,0,0,0,0,0,0,0,0,0,2,0,0,0,0,0,0,0,0,0,0,0,0,0,0,0,0,0,0,0,0,0,0,0,0,0,0,0,0,0,0,0,0,0,0,0,0,0,0,0,0,0,0,0,0,0,49,0,49
New Zealand,44,936,1,76,"2,397",26,0,0,8,630,0,661,0,0,1,1,9,1,0,53,0,612,22,0,22,78,0,55,0,253,0,0,91,50,3,107,71,"1,856",78,92,3,0,0,348,299,61,16,0,0,0,0,0,0,0,0,0,0,142,44,34,150,0,18,11,0,64,6,0,0,0,0,6,0,0,0,0,0,0,1,0,0,0,0,"9,437",0,"9,437"
Palau,4,5,0,0,23,0,0,0,1,0,0,0,0,0,0,0,0,0,0,0,0,0,0,0,1,0,0,0,0,0,0,0,0,0,0,0,0,1,0,0,0,0,0,0,0,0,0,0,0,0,0,0,0,0,0,0,0,0,0,0,0,0,0,0,0,0,0,0,0,0,0,0,0,0,0,0,0,0,0,0,0,0,0,35,0,35
Papua New Guinea,17,78,0,24,640,11,0,0,52,0,0,11,0,0,23,0,0,0,0,0,0,96,7,0,8,36,0,25,0,1,0,0,0,0,0,0,1,39,0,0,0,0,0,1,0,8,0,0,0,0,0,0,0,0,0,0,0,0,0,0,0,0,0,0,0,3,1,0,0,0,0,0,0,0,0,0,0,0,0,1,1,0,0,"1,084",0,"1,084"
Samoa,0,19,0,70,666,2,0,0,15,120,0,13,0,0,0,0,0,0,0,0,0,3,0,0,0,5,0,5,1,0,0,0,0,0,0,0,0,23,2,4,0,0,0,0,0,0,0,0,0,0,0,0,0,0,0,0,0,0,0,0,0,0,0,0,0,38,1,0,0,0,0,0,0,0,0,0,0,0,0,0,0,0,0,987,0,987
Solomon Islands,3,15,0,2,68,0,0,0,17,0,0,9,0,0,0,0,0,0,0,0,0,3,0,0,0,3,0,5,0,0,0,0,0,0,0,0,0,10,0,1,0,0,0,0,0,0,0,0,0,0,0,0,0,0,0,0,0,0,0,0,0,0,0,0,0,0,0,0,0,0,0,0,0,0,0,0,0,0,0,0,0,0,0,136,0,136
Tonga,5,96,1,6,967,12,0,0,6,23,0,10,0,0,0,0,0,0,0,0,0,7,1,0,0,4,0,7,2,0,0,0,0,0,0,0,0,38,9,9,0,1,0,0,0,0,0,0,0,0,0,0,0,0,0,0,0,1,0,0,0,0,1,0,0,104,0,0,0,0,0,0,0,0,0,0,0,0,0,0,0,0,0,"1,310",0,"1,310"
Tuvalu,9,19,0,0,8,0,0,0,3,28,0,10,0,0,0,0,0,0,0,0,0,0,0,0,0,5,0,1,0,0,0,0,0,0,0,0,0,3,0,0,0,0,0,0,0,0,0,0,0,0,0,0,0,0,0,0,0,0,0,0,0,0,0,0,0,3,0,0,0,0,0,0,0,0,0,0,0,0,0,0,0,0,0,89,0,89
Vanuatu,8,15,0,0,27,0,0,0,1,0,0,8,0,0,0,0,0,0,0,0,0,1,0,0,0,12,0,4,0,0,0,0,0,0,0,0,0,6,0,2,0,0,0,0,0,0,0,0,0,0,0,0,0,0,0,0,0,0,0,0,0,0,0,0,0,8,0,0,0,0,0,0,0,0,0,0,0,0,0,0,0,0,0,92,0,92
Argentina,38,"1,065",1,133,"217,861",106,0,0,80,821,0,748,0,0,0,67,536,0,0,3,0,"1,293",98,0,48,158,0,668,7,434,0,0,2,75,17,280,112,"3,836",192,92,7,1,1,756,918,45,1,0,0,0,0,0,0,0,0,0,0,203,63,81,314,0,125,87,1,22,5,0,0,0,0,9,0,0,0,0,0,0,2,0,4,0,0,"231,416",0,"231,416"
Bolivia,45,108,3,73,"16,338",15,0,0,86,215,0,50,0,0,0,4,5,0,0,1,0,467,16,0,36,40,0,179,14,74,0,0,0,3,2,36,22,339,12,37,9,0,0,31,39,9,0,0,0,0,0,0,0,0,0,0,0,3,1,3,7,0,12,0,0,10,5,0,0,0,0,0,0,0,0,0,0,0,0,0,4,0,0,"18,353",0,"18,353"
Brazil,229,"3,361",25,"3,086","1,021,561",196,0,0,245,"2,072",0,"3,669",0,0,37,3,63,0,0,11,0,"14,371","1,442",0,89,298,0,375,44,"1,352",0,0,13,35,87,756,619,"21,887","1,334",575,91,8,0,"2,654","3,084",322,16,0,0,1,0,0,0,0,0,0,0,895,147,221,998,0,124,73,152,158,88,0,0,0,0,15,0,0,1,0,0,0,5,5,12,1,0,"1,086,906",0,"1,086,906"
Chile,85,"1,301",0,315,"32,106",33,0,0,137,735,0,765,0,0,0,15,51,0,0,2,0,"1,898",402,0,87,121,0,149,4,156,398,0,22,16,3,453,90,"2,063",345,65,2,0,0,167,253,44,0,0,0,0,0,0,0,0,0,0,0,46,12,24,24,0,11,4,0,21,10,0,0,0,0,5,0,0,0,0,0,0,0,0,0,0,0,"42,440",0,"42,440"
Colombia,117,"4,175",14,685,"436,769",239,0,0,439,"1,265",0,133,0,0,1,84,322,0,0,3,0,"6,435",263,0,54,43,0,511,37,714,0,0,0,6,19,307,112,"4,271",273,"1,088",357,16,5,430,510,392,2,0,0,0,0,0,0,0,0,0,0,136,34,52,439,0,14,17,3,99,12,0,0,0,0,17,0,0,0,0,0,0,0,1,11,0,0,"460,926",0,"460,926"
Ecuador,87,557,4,213,"156,638",77,0,0,192,610,0,109,0,0,5,1,17,0,0,0,0,"1,673",88,0,31,67,0,144,18,150,0,0,2,9,5,60,105,"2,032",57,231,63,8,1,65,106,126,3,0,0,0,0,0,0,0,0,0,1,17,3,4,63,0,31,0,0,16,0,0,0,0,0,4,0,0,1,2,0,0,6,6,143,1,2,"163,854",0,"163,854"
Guyana,6,65,0,3,"17,135",44,0,0,161,221,0,59,0,0,51,0,0,0,0,0,0,79,2,0,0,0,0,54,0,14,0,0,0,0,0,4,5,29,2,93,22,1,0,1,1,13,0,0,0,0,0,0,0,0,0,0,0,1,0,0,1,0,0,0,0,5,0,0,0,0,0,0,0,0,0,0,0,0,0,1,1,0,0,"18,074",0,"18,074"
Paraguay,31,182,1,191,"10,039",6,0,0,24,21,0,188,0,0,0,1,4,0,0,0,0,307,11,0,24,146,0,56,10,22,0,0,0,0,0,9,8,399,13,18,0,0,0,5,4,8,0,0,0,0,0,0,0,0,0,0,0,4,1,1,4,0,0,0,0,6,0,0,0,0,0,1,0,0,0,0,0,0,0,0,0,0,0,"11,745",0,"11,745"
Peru,68,789,14,"1,016","69,982","18,197",0,0,337,"1,482",0,381,0,0,0,0,6,0,0,0,0,"1,267",65,0,67,47,0,240,51,291,0,0,790,12,1,104,89,"4,187",60,432,97,3,1,91,111,74,2,0,0,0,0,0,0,0,0,0,0,34,9,21,37,3,169,5,2,36,3,0,0,0,0,8,0,3,14,0,0,0,3,2,20,2,1,"100,726",0,"100,726"
Suriname,11,113,0,5,"4,818",0,0,0,8,20,0,90,0,0,0,5,0,0,0,0,0,32,0,0,3,106,0,8,0,4,0,0,0,0,0,0,3,19,0,4,0,0,0,1,0,8,0,0,0,0,0,0,0,0,0,0,0,1,0,0,0,0,0,0,0,1,0,0,0,0,0,0,0,0,0,0,0,0,0,0,0,0,0,"5,260",0,"5,260"
Uruguay,32,268,2,48,"27,376",13,0,0,24,68,0,9,0,0,0,2,11,0,0,0,0,177,8,0,11,29,0,120,5,58,0,0,37,2,1,18,17,180,28,18,3,0,0,55,55,3,0,0,0,0,0,0,0,0,0,0,0,15,2,3,8,0,24,1,1,3,0,0,0,0,0,1,0,0,0,0,0,0,1,0,1,0,0,"28,738",0,"28,738"
Venezuela,71,39,3,"2,214","156,092",208,0,0,133,568,0,4,0,0,5,0,196,0,0,0,0,"9,164",414,0,54,221,0,173,2,664,0,0,0,0,6,444,55,388,63,86,21,3,1,713,"1,092",91,12,0,0,0,0,0,0,0,0,0,0,115,301,97,816,4,12,149,1,23,7,0,0,0,0,12,0,0,0,0,0,0,2,0,2,0,0,"174,741",0,"174,741"
